,jenis_pangan,rata2_harga,Harga_Pra,Pctdiff_pra,Harga_Covid,Pctdiff_covid,Harga_Pasca,Pctdiff_pasca
0,Beras,11929.2365,11760.2381,-1.41667372,11308.5714,-5.20288978,12698.5065,6.44861088
1,Gula,14433.6207,13568.4524,-5.99411837,14204.1667,-1.58971909,15155.8442,5.00375811
2,Telur,26274.0394,24795.2381,-5.62837442,24372.4405,-7.23755835,29155.1299,10.96554061
